"Date","State","confirmed_cum","deaths_cum","tests_cum","positives_cum","recovered_cum","hosp_cum","ICU_cum","vent_cum"
2020-01-25,"ACT",0,0,0,0,0,0,0,0
2020-01-26,"ACT",0,0,0,0,0,0,0,0
2020-01-27,"ACT",0,0,0,0,0,0,0,0
2020-01-28,"ACT",0,0,0,0,0,0,0,0
2020-01-29,"ACT",0,0,0,0,0,0,0,0
2020-01-30,"ACT",0,0,0,0,0,0,0,0
2020-01-31,"ACT",0,0,0,0,0,0,0,0
2020-02-01,"ACT",0,0,0,0,0,0,0,0
2020-02-02,"ACT",0,0,0,0,0,0,0,0
2020-02-03,"ACT",0,0,0,0,0,0,0,0
2020-02-04,"ACT",0,0,0,0,0,0,0,0
2020-02-05,"ACT",0,0,0,0,0,0,0,0
2020-02-06,"ACT",0,0,0,0,0,0,0,0
2020-02-07,"ACT",0,0,0,0,0,0,0,0
2020-02-08,"ACT",0,0,0,0,0,0,0,0
2020-02-09,"ACT",0,0,0,0,0,0,0,0
2020-02-10,"ACT",0,0,0,0,0,0,0,0
2020-02-11,"ACT",0,0,0,0,0,0,0,0
2020-02-12,"ACT",0,0,0,0,0,0,0,0
2020-02-13,"ACT",0,0,0,0,0,0,0,0
2020-02-14,"ACT",0,0,0,0,0,0,0,0
2020-02-15,"ACT",0,0,0,0,0,0,0,0
2020-02-16,"ACT",0,0,0,0,0,0,0,0
2020-02-17,"ACT",0,0,0,0,0,0,0,0
2020-02-18,"ACT",0,0,0,0,0,0,0,0
2020-02-19,"ACT",0,0,0,0,0,0,0,0
2020-02-20,"ACT",0,0,0,0,0,0,0,0
2020-02-21,"ACT",0,0,0,0,0,0,0,0
2020-02-22,"ACT",0,0,0,0,0,0,0,0
2020-02-23,"ACT",0,0,0,0,0,0,0,0
2020-02-24,"ACT",0,0,0,0,0,0,0,0
2020-02-25,"ACT",0,0,0,0,0,0,0,0
2020-02-26,"ACT",0,0,0,0,0,0,0,0
2020-02-27,"ACT",0,0,0,0,0,0,0,0
2020-02-28,"ACT",0,0,0,0,0,0,0,0
2020-02-29,"ACT",0,0,0,0,0,0,0,0
2020-03-01,"ACT",0,0,0,0,0,0,0,0
2020-03-02,"ACT",0,0,0,0,0,0,0,0
2020-03-03,"ACT",0,0,0,0,0,0,0,0
2020-03-04,"ACT",0,0,0,0,0,0,0,0
2020-03-05,"ACT",0,0,0,0,0,0,0,0
2020-03-06,"ACT",0,0,0,0,0,0,0,0
2020-03-07,"ACT",0,0,0,0,0,0,0,0
2020-03-08,"ACT",0,0,0,0,0,0,0,0
2020-03-09,"ACT",0,0,0,0,0,0,0,0
2020-03-10,"ACT",0,0,0,0,0,0,0,0
2020-03-11,"ACT",0,0,0,0,0,0,0,0
2020-03-12,"ACT",1,0,0,1,0,0,0,0
2020-03-13,"ACT",1,0,0,1,0,0,0,0
2020-03-14,"ACT",1,0,0,1,0,0,0,0
2020-03-15,"ACT",1,0,0,1,0,0,0,0
2020-03-16,"ACT",2,0,0,2,0,0,0,0
2020-03-17,"ACT",2,0,0,2,0,0,0,0
2020-03-18,"ACT",3,0,0,3,0,0,0,0
2020-03-19,"ACT",4,0,0,4,0,0,0,0
2020-03-20,"ACT",6,0,2218,6,0,0,0,0
2020-03-21,"ACT",9,0,2218,9,0,0,0,0
2020-03-22,"ACT",19,0,2414,19,0,0,0,0
2020-03-23,"ACT",32,0,2608,32,0,0,0,0
2020-03-24,"ACT",39,0,2819,39,0,0,0,0
2020-03-25,"ACT",44,0,3008,44,0,0,0,0
2020-03-26,"ACT",53,0,3272,53,1,0,0,0
2020-03-27,"ACT",62,0,3760,62,2,0,0,0
2020-03-28,"ACT",71,0,4059,71,2,0,0,0
2020-03-29,"ACT",77,0,4307,77,2,0,0,0
2020-03-30,"ACT",78,1,4307,78,0,0,0,0
2020-03-31,"ACT",80,1,4443,80,3,0,0,0
2020-04-01,"ACT",84,1,4858,84,8,8,2,2
2020-04-02,"ACT",87,1,5018,87,11,11,4,2
2020-04-03,"ACT",91,1,5222,91,18,12,8,2
2020-04-04,"ACT",93,2,5328,93,18,6,3,2
2020-04-05,"ACT",96,2,5258,96,18,7,3,2
2020-04-06,"ACT",96,2,5329,96,18,7,3,2
2020-04-07,"ACT",97,2,5497,97,42,6,3,2
2020-04-08,"ACT",99,2,5679,99,47,4,3,2
2020-04-09,"ACT",100,2,5802,100,54,3,2,2
2020-04-10,"ACT",103,2,6017,103,59,4,2,2
2020-04-11,"ACT",103,2,6103,103,62,4,2,2
2020-04-12,"ACT",102,2,6159,102,67,3,2,2
2020-04-13,"ACT",103,2,6191,103,72,3,2,1
2020-04-14,"ACT",103,2,6291,103,75,3,2,1
2020-04-15,"ACT",103,3,6490,103,77,2,1,1
2020-04-16,"ACT",103,3,6619,103,79,2,1,0
2020-04-17,"ACT",103,3,6754,103,81,2,1,0
2020-04-18,"ACT",103,3,6856,103,88,1,1,0
2020-04-19,"ACT",103,3,6893,103,89,1,0,0
2020-04-20,"ACT",104,3,7063,104,91,1,0,0
2020-04-21,"ACT",104,3,7126,104,92,1,0,0
2020-04-22,"ACT",104,3,7256,104,93,1,0,0
2020-04-23,"ACT",104,3,7367,104,93,1,0,0
2020-04-24,"ACT",105,3,7440,105,97,1,0,0
2020-04-25,"ACT",106,3,7738,106,98,1,1,0
2020-04-26,"ACT",106,3,7886,106,99,1,1,0
2020-04-27,"ACT",106,3,8102,106,100,1,1,0
2020-04-28,"ACT",106,3,8348,106,101,1,1,0
2020-04-29,"ACT",106,3,8442,106,101,0,0,0
2020-04-30,"ACT",106,3,8674,106,103,0,0,0
2020-05-01,"ACT",106,3,8981,106,103,0,0,0
2020-05-02,"ACT",106,3,9243,106,103,0,0,0
2020-05-03,"ACT",106,3,9402,106,103,0,0,0
2020-05-04,"ACT",107,3,9628,107,103,0,0,0
2020-05-05,"ACT",107,3,9829,107,103,0,0,0
2020-05-06,"ACT",107,3,10102,107,103,0,0,0
2020-05-07,"ACT",107,3,10478,107,103,0,0,0
2020-05-08,"ACT",107,3,10957,107,103,0,0,0
2020-05-09,"ACT",107,3,11274,107,103,0,0,0
2020-05-10,"ACT",107,3,11737,107,104,0,0,0
2020-05-11,"ACT",107,3,11939,107,104,0,0,0
2020-05-12,"ACT",107,3,12367,107,104,0,0,0
2020-05-13,"ACT",107,3,12637,107,104,0,0,0
2020-05-14,"ACT",107,3,13066,107,104,0,0,0
2020-05-15,"ACT",107,3,13493,107,104,0,0,0
2020-05-16,"ACT",107,3,13854,107,104,0,0,0
2020-05-17,"ACT",107,3,14058,107,104,0,0,0
2020-05-18,"ACT",107,3,14290,107,104,0,0,0
2020-05-19,"ACT",107,3,14448,107,104,0,0,0
2020-05-20,"ACT",107,3,14712,107,104,0,0,0
2020-05-21,"ACT",107,3,14916,107,104,0,0,0
2020-05-22,"ACT",107,3,15253,107,104,0,0,0
2020-05-23,"ACT",107,3,15567,107,104,0,0,0
2020-05-24,"ACT",107,3,15760,107,104,0,0,0
2020-05-25,"ACT",107,3,16006,107,104,0,0,0
2020-05-26,"ACT",107,3,16196,107,104,0,0,0
2020-05-27,"ACT",107,3,16575,107,104,0,0,0
2020-05-28,"ACT",107,3,17069,107,104,0,0,0
2020-05-29,"ACT",107,3,17374,107,104,0,0,0
2020-05-30,"ACT",107,3,17792,107,104,0,0,0
2020-05-31,"ACT",107,3,18114,107,104,0,0,0
2020-06-01,"ACT",107,3,18425,107,104,0,0,0
2020-06-02,"ACT",107,3,18634,107,104,0,0,0
2020-06-03,"ACT",107,3,18899,107,104,0,0,0
2020-06-04,"ACT",107,3,19337,107,104,0,0,0
2020-06-05,"ACT",107,3,19736,107,104,0,0,0
2020-06-06,"ACT",107,3,20132,107,104,0,0,0
2020-06-07,"ACT",108,3,20487,108,104,0,0,0
2020-06-08,"ACT",108,3,20683,108,104,0,0,0
2020-06-09,"ACT",108,3,20975,108,104,0,0,0
2020-06-10,"ACT",108,3,21411,108,104,0,0,0
2020-06-11,"ACT",108,3,21938,108,104,0,0,0
2020-01-25,"NSW",3,0,0,0,0,0,0,0
2020-01-26,"NSW",3,0,0,0,0,0,0,0
2020-01-27,"NSW",4,0,0,0,0,0,0,0
2020-01-28,"NSW",4,0,0,0,0,0,0,0
2020-01-29,"NSW",4,0,0,0,0,0,0,0
2020-01-30,"NSW",4,0,0,0,0,0,0,0
2020-01-31,"NSW",4,0,0,0,0,0,0,0
2020-02-01,"NSW",4,0,0,0,0,0,0,0
2020-02-02,"NSW",4,0,0,0,0,0,0,0
2020-02-03,"NSW",4,0,0,0,0,0,0,0
2020-02-04,"NSW",4,0,0,0,0,0,0,0
2020-02-05,"NSW",4,0,0,0,0,0,0,0
2020-02-06,"NSW",4,0,0,0,0,0,0,0
2020-02-07,"NSW",4,0,0,0,0,0,0,0
2020-02-08,"NSW",4,0,0,0,0,0,0,0
2020-02-09,"NSW",4,0,0,0,0,0,0,0
2020-02-10,"NSW",4,0,0,0,0,0,0,0
2020-02-11,"NSW",4,0,0,0,0,0,0,0
2020-02-12,"NSW",4,0,0,0,0,0,0,0
2020-02-13,"NSW",4,0,0,0,0,0,0,0
2020-02-14,"NSW",4,0,0,0,0,0,0,0
2020-02-15,"NSW",4,0,0,0,0,0,0,0
2020-02-16,"NSW",4,0,0,0,0,0,0,0
2020-02-17,"NSW",4,0,0,0,0,0,0,0
2020-02-18,"NSW",4,0,0,0,0,0,0,0
2020-02-19,"NSW",4,0,0,0,0,0,0,0
2020-02-20,"NSW",4,0,0,0,0,0,0,0
2020-02-21,"NSW",4,0,0,0,0,0,0,0
2020-02-22,"NSW",4,0,0,0,0,0,0,0
2020-02-23,"NSW",4,0,0,0,0,0,0,0
2020-02-24,"NSW",4,0,0,0,0,0,0,0
2020-02-25,"NSW",4,0,0,0,0,0,0,0
2020-02-26,"NSW",4,0,0,0,0,0,0,0
2020-02-27,"NSW",4,0,0,0,0,0,0,0
2020-02-28,"NSW",4,0,0,0,0,0,0,0
2020-02-29,"NSW",4,0,0,0,0,0,0,0
2020-03-01,"NSW",5,0,0,0,0,0,0,0
2020-03-02,"NSW",9,0,0,0,0,0,0,0
2020-03-03,"NSW",15,1,0,0,0,0,0,0
2020-03-04,"NSW",22,1,0,0,0,0,0,0
2020-03-05,"NSW",25,1,0,0,0,0,0,0
2020-03-06,"NSW",28,1,0,0,0,0,0,0
2020-03-07,"NSW",36,1,7214,36,0,0,0,0
2020-03-08,"NSW",40,1,8008,40,0,0,0,0
2020-03-09,"NSW",47,2,8371,47,0,0,0,0
2020-03-10,"NSW",61,2,10165,61,0,0,0,0
2020-03-11,"NSW",65,2,10221,65,0,0,0,0
2020-03-12,"NSW",78,2,14856,78,0,0,0,0
2020-03-13,"NSW",92,2,16685,92,0,0,0,0
2020-03-14,"NSW",112,3,20496,112,0,0,0,0
2020-03-15,"NSW",134,3,22567,134,0,0,0,0
2020-03-16,"NSW",171,3,26964,171,0,0,0,0
2020-03-17,"NSW",210,3,30244,210,0,0,0,0
2020-03-18,"NSW",267,4,35800,267,0,0,0,0
2020-03-19,"NSW",307,4,39089,307,0,0,0,0
2020-03-20,"NSW",353,5,40651,353,0,0,0,0
2020-03-21,"NSW",436,5,46892,436,0,0,0,0
2020-03-22,"NSW",533,5,52663,533,0,0,0,0
2020-03-23,"NSW",669,5,56941,669,0,0,0,0
2020-03-24,"NSW",818,6,61848,818,0,0,0,0
2020-03-25,"NSW",1029,6,68177,1029,0,0,0,0
2020-03-26,"NSW",1219,6,74006,1219,0,0,0,0
2020-03-27,"NSW",1405,6,77689,1405,0,0,0,0
2020-03-28,"NSW",1617,7,86524,1617,0,0,0,0
2020-03-29,"NSW",1791,7,93099,1791,0,0,0,0
2020-03-30,"NSW",1918,7,96446,1918,0,0,0,0
2020-03-31,"NSW",2032,7,99951,2032,0,0,0,0
2020-04-01,"NSW",2182,9,105543,2182,0,218,42,23
2020-04-02,"NSW",2298,9,110537,2298,0,231,43,21
2020-04-03,"NSW",2389,11,114455,2389,0,231,42,22
2020-04-04,"NSW",2493,11,117633,2493,0,251,41,23
2020-04-05,"NSW",2580,15,121433,2580,0,250,40,23
2020-04-06,"NSW",2637,18,124038,2637,0,250,40,23
2020-04-07,"NSW",2686,20,126146,2686,1356,103,37,24
2020-04-08,"NSW",2734,20,129091,2734,1356,92,36,23
2020-04-09,"NSW",2773,20,132997,2773,1356,88,31,22
2020-04-10,"NSW",2822,21,137441,2822,1356,83,29,24
2020-04-11,"NSW",2857,22,138090,2857,1356,78,30,24
2020-04-12,"NSW",2854,23,141777,2854,1356,78,30,22
2020-04-13,"NSW",2863,25,144380,2863,1356,77,30,22
2020-04-14,"NSW",2870,25,145809,2870,1356,80,32,20
2020-04-15,"NSW",2886,25,147114,2886,1356,73,29,19
2020-04-16,"NSW",2897,25,150314,2897,1356,64,26,20
2020-04-17,"NSW",2926,25,155302,2926,1356,63,26,20
2020-04-18,"NSW",2936,27,160454,2936,1356,57,25,19
2020-04-19,"NSW",2957,28,165137,2957,1356,57,21,18
2020-04-20,"NSW",2963,28,168626,2963,1356,53,22,16
2020-04-21,"NSW",2969,29,171128,2969,1755,55,21,18
2020-04-22,"NSW",2971,31,175419,2971,1926,50,20,17
2020-04-23,"NSW",2976,32,181064,2976,2006,47,21,16
2020-04-24,"NSW",2982,33,188416,2982,2056,43,19,15
2020-04-25,"NSW",2994,34,193256,2994,2193,39,19,15
2020-04-26,"NSW",3002,34,198715,3002,2208,37,19,15
2020-04-27,"NSW",3004,34,203131,3004,2227,35,19,15
2020-04-28,"NSW",3009,39,207245,3009,2243,33,19,15
2020-04-29,"NSW",3016,40,212659,3016,2266,28,17,14
2020-04-30,"NSW",3016,40,220046,3016,2284,27,15,13
2020-05-01,"NSW",3026,41,227084,3026,2293,27,14,12
2020-05-02,"NSW",3031,41,235894,3031,2300,28,14,12
2020-05-03,"NSW",3035,42,243128,3035,2306,27,14,11
2020-05-04,"NSW",3033,43,248699,3033,2328,27,14,10
2020-05-05,"NSW",3035,44,253995,3035,2349,25,13,11
2020-05-06,"NSW",3042,44,261251,3042,2418,25,13,9
2020-05-07,"NSW",3044,44,271796,3044,2463,24,10,8
2020-05-08,"NSW",3047,44,281257,3047,2486,23,10,8
2020-05-09,"NSW",3051,44,294949,3051,2504,20,8,7
2020-05-10,"NSW",3053,44,304464,3053,2515,13,8,7
2020-05-11,"NSW",3053,44,309722,3053,2517,20,7,7
2020-05-12,"NSW",3053,44,315770,3053,2543,19,8,8
2020-05-13,"NSW",3059,45,323887,3059,2571,22,7,7
2020-05-14,"NSW",3063,45,333634,3063,2595,23,8,6
2020-05-15,"NSW",3071,45,345846,3071,2605,22,7,5
2020-05-16,"NSW",3074,45,355738,3074,2611,22,6,3
2020-05-17,"NSW",3075,45,362842,3075,2612,22,7,4
2020-05-18,"NSW",3076,46,371881,3076,2612,22,6,2
2020-05-19,"NSW",3078,47,377185,3078,2614,22,5,2
2020-05-20,"NSW",3081,47,384278,3081,2631,20,3,2
2020-05-21,"NSW",3082,47,390930,3082,2648,20,3,2
2020-05-22,"NSW",3084,48,402623,3084,2648,20,1,1
2020-05-23,"NSW",3086,48,411618,3086,2653,17,1,1
2020-05-24,"NSW",3087,48,418427,3087,2653,16,1,1
2020-05-25,"NSW",3090,48,422703,3090,2656,15,1,1
2020-05-26,"NSW",3092,48,456724,3092,2661,14,1,1
2020-05-27,"NSW",3089,48,464351,3089,2663,14,1,1
2020-05-28,"NSW",3090,48,474223,3090,2670,13,1,1
2020-05-29,"NSW",3092,48,484185,3092,2666,13,1,1
2020-05-30,"NSW",3092,48,493637,3092,2683,12,1,1
2020-05-31,"NSW",3095,48,503464,3095,2685,11,1,0
2020-06-01,"NSW",3098,48,509227,3098,2685,10,1,0
2020-06-02,"NSW",3104,48,514651,3104,2687,11,1,0
2020-06-03,"NSW",3104,48,521669,3104,2691,11,2,0
2020-06-04,"NSW",3106,48,533034,3106,2700,11,1,0
2020-06-05,"NSW",3110,48,543205,3110,2714,10,1,0
2020-06-06,"NSW",3110,48,555956,3110,2719,9,0,0
2020-06-07,"NSW",3109,48,565163,3109,2723,9,0,0
2020-06-08,"NSW",3112,48,571113,3112,2724,9,0,0
2020-06-09,"NSW",3114,48,575856,3114,2729,9,0,0
2020-06-10,"NSW",3117,48,581559,3117,2735,9,0,0
2020-06-11,"NSW",3117,48,591305,3117,2738,10,0,0
2020-01-25,"NT",0,0,0,0,0,0,0,0
2020-01-26,"NT",0,0,0,0,0,0,0,0
2020-01-27,"NT",0,0,0,0,0,0,0,0
2020-01-28,"NT",0,0,0,0,0,0,0,0
2020-01-29,"NT",0,0,0,0,0,0,0,0
2020-01-30,"NT",0,0,0,0,0,0,0,0
2020-01-31,"NT",0,0,0,0,0,0,0,0
2020-02-01,"NT",0,0,0,0,0,0,0,0
2020-02-02,"NT",0,0,0,0,0,0,0,0
2020-02-03,"NT",0,0,0,0,0,0,0,0
2020-02-04,"NT",0,0,0,0,0,0,0,0
2020-02-05,"NT",0,0,0,0,0,0,0,0
2020-02-06,"NT",0,0,0,0,0,0,0,0
2020-02-07,"NT",0,0,0,0,0,0,0,0
2020-02-08,"NT",0,0,0,0,0,0,0,0
2020-02-09,"NT",0,0,0,0,0,0,0,0
2020-02-10,"NT",0,0,0,0,0,0,0,0
2020-02-11,"NT",0,0,0,0,0,0,0,0
2020-02-12,"NT",0,0,0,0,0,0,0,0
2020-02-13,"NT",0,0,0,0,0,0,0,0
2020-02-14,"NT",0,0,0,0,0,0,0,0
2020-02-15,"NT",0,0,0,0,0,0,0,0
2020-02-16,"NT",0,0,0,0,0,0,0,0
2020-02-17,"NT",0,0,0,0,0,0,0,0
2020-02-18,"NT",0,0,0,0,0,0,0,0
2020-02-19,"NT",0,0,0,0,0,0,0,0
2020-02-20,"NT",0,0,0,0,0,0,0,0
2020-02-21,"NT",0,0,0,0,0,0,0,0
2020-02-22,"NT",0,0,0,0,0,0,0,0
2020-02-23,"NT",0,0,0,0,0,0,0,0
2020-02-24,"NT",0,0,0,0,0,0,0,0
2020-02-25,"NT",0,0,0,0,0,0,0,0
2020-02-26,"NT",0,0,0,0,0,0,0,0
2020-02-27,"NT",0,0,0,0,0,0,0,0
2020-02-28,"NT",0,0,0,0,0,0,0,0
2020-02-29,"NT",0,0,0,0,0,0,0,0
2020-03-01,"NT",0,0,0,0,0,0,0,0
2020-03-02,"NT",0,0,0,0,0,0,0,0
2020-03-03,"NT",0,0,0,0,0,0,0,0
2020-03-04,"NT",0,0,0,0,0,0,0,0
2020-03-05,"NT",0,0,0,0,0,0,0,0
2020-03-06,"NT",0,0,0,0,0,0,0,0
2020-03-07,"NT",0,0,0,0,0,0,0,0
2020-03-08,"NT",0,0,0,0,0,0,0,0
2020-03-09,"NT",0,0,0,0,0,0,0,0
2020-03-10,"NT",0,0,0,0,0,0,0,0
2020-03-11,"NT",0,0,0,0,0,0,0,0
2020-03-12,"NT",0,0,0,0,0,0,0,0
2020-03-13,"NT",0,0,0,0,0,0,0,0
2020-03-14,"NT",0,0,0,0,0,0,0,0
2020-03-15,"NT",0,0,0,0,0,0,0,0
2020-03-16,"NT",0,0,0,0,0,0,0,0
2020-03-17,"NT",0,0,0,0,0,0,0,0
2020-03-18,"NT",0,0,0,0,0,0,0,0
2020-03-19,"NT",0,0,0,0,0,0,0,0
2020-03-20,"NT",2,0,0,2,0,0,0,0
2020-03-21,"NT",4,0,0,4,0,0,0,0
2020-03-22,"NT",4,0,0,4,0,0,0,0
2020-03-23,"NT",4,0,0,4,0,0,0,0
2020-03-24,"NT",5,0,0,5,0,0,0,0
2020-03-25,"NT",5,0,0,5,1,0,0,0
2020-03-26,"NT",12,0,0,12,1,0,0,0
2020-03-27,"NT",14,0,0,14,2,0,0,0
2020-03-28,"NT",15,0,0,15,2,0,0,0
2020-03-29,"NT",15,0,1000,15,2,0,0,0
2020-03-30,"NT",15,0,1000,15,2,0,0,0
2020-03-31,"NT",19,0,2100,19,3,0,0,0
2020-04-01,"NT",19,0,2131,19,3,16,1,1
2020-04-02,"NT",22,0,2273,21,3,18,1,1
2020-04-03,"NT",26,0,2466,26,3,19,1,0
2020-04-04,"NT",26,0,2642,26,3,23,0,0
2020-04-05,"NT",27,0,2753,26,3,24,0,0
2020-04-06,"NT",27,0,2805,28,3,24,0,0
2020-04-07,"NT",27,0,2999,28,3,24,0,0
2020-04-08,"NT",27,0,3062,28,3,24,0,0
2020-04-09,"NT",27,0,3174,28,3,24,0,0
2020-04-10,"NT",27,0,3243,28,3,24,0,0
2020-04-11,"NT",27,0,3300,28,3,24,0,0
2020-04-12,"NT",27,0,3355,28,4,22,0,0
2020-04-13,"NT",27,0,3381,27,4,22,0,0
2020-04-14,"NT",27,0,3442,27,4,22,0,0
2020-04-15,"NT",27,0,3489,27,5,21,0,0
2020-04-16,"NT",27,0,3521,27,7,20,0,0
2020-04-17,"NT",27,0,3606,27,9,19,0,0
2020-04-18,"NT",27,0,3625,27,10,17,0,0
2020-04-19,"NT",27,0,3713,27,11,16,0,0
2020-04-20,"NT",27,0,3731,27,11,16,0,0
2020-04-21,"NT",27,0,3810,27,15,14,0,0
2020-04-22,"NT",27,0,3972,27,16,14,0,0
2020-04-23,"NT",27,0,4045,27,16,13,0,0
2020-04-24,"NT",27,0,4120,27,20,10,0,0
2020-04-25,"NT",27,0,4189,27,20,5,0,0
2020-04-26,"NT",27,0,4231,27,23,5,0,0
2020-04-27,"NT",27,0,4245,27,23,5,0,0
2020-04-28,"NT",27,0,4338,27,23,5,0,0
2020-04-29,"NT",27,0,4421,27,25,3,0,0
2020-04-30,"NT",27,0,4532,27,25,3,0,0
2020-05-01,"NT",27,0,4643,27,24,3,0,0
2020-05-02,"NT",29,0,4721,29,24,5,0,0
2020-05-03,"NT",29,0,4828,29,24,5,0,0
2020-05-04,"NT",29,0,4855,29,24,5,0,0
2020-05-05,"NT",29,0,4925,29,26,3,0,0
2020-05-06,"NT",29,0,5003,29,26,3,0,0
2020-05-07,"NT",29,0,5117,29,27,2,0,0
2020-05-08,"NT",29,0,5267,29,27,2,0,0
2020-05-09,"NT",29,0,5389,29,27,2,0,0
2020-05-10,"NT",29,0,5495,29,27,2,0,0
2020-05-11,"NT",29,0,5527,29,27,2,0,0
2020-05-12,"NT",29,0,5646,29,27,2,0,0
2020-05-13,"NT",29,0,5759,29,27,2,0,0
2020-05-14,"NT",29,0,5759,29,27,2,0,0
2020-05-15,"NT",29,0,6116,29,27,2,0,0
2020-05-16,"NT",29,0,6258,29,27,2,0,0
2020-05-17,"NT",29,0,6370,29,27,2,0,0
2020-05-18,"NT",29,0,6417,29,27,2,0,0
2020-05-19,"NT",29,0,6517,29,27,2,0,0
2020-05-20,"NT",29,0,6673,29,28,2,0,0
2020-05-21,"NT",29,0,6809,29,29,1,0,0
2020-05-22,"NT",29,0,6809,29,29,1,0,0
2020-05-23,"NT",29,0,7105,29,29,1,0,0
2020-05-24,"NT",29,0,7217,29,29,0,0,0
2020-05-25,"NT",29,0,7233,29,29,0,0,0
2020-05-26,"NT",29,0,7396,29,29,0,0,0
2020-05-27,"NT",29,0,7528,29,29,0,0,0
2020-05-28,"NT",29,0,7698,29,29,0,0,0
2020-05-29,"NT",29,0,7918,29,29,0,0,0
2020-05-30,"NT",29,0,8082,29,29,0,0,0
2020-05-31,"NT",29,0,8220,29,29,0,0,0
2020-06-01,"NT",29,0,8240,29,29,0,0,0
2020-06-02,"NT",29,0,8406,29,29,0,0,0
2020-06-03,"NT",29,0,8591,29,29,0,0,0
2020-06-04,"NT",29,0,8983,29,29,0,0,0
2020-06-05,"NT",29,0,9174,29,29,0,0,0
2020-06-06,"NT",29,0,9330,29,29,0,0,0
2020-06-07,"NT",29,0,9454,29,29,0,0,0
2020-06-08,"NT",29,0,9477,29,29,0,0,0
2020-06-09,"NT",29,0,9558,29,29,0,0,0
2020-06-10,"NT",29,0,9747,29,29,0,0,0
2020-06-11,"NT",29,0,9939,29,29,0,0,0
2020-01-25,"QLD",0,0,0,0,0,0,0,0
2020-01-26,"QLD",0,0,0,0,0,0,0,0
2020-01-27,"QLD",0,0,0,0,0,0,0,0
2020-01-28,"QLD",0,0,0,0,0,0,0,0
2020-01-29,"QLD",2,0,0,0,0,0,0,0
2020-01-30,"QLD",2,0,0,0,0,0,0,0
2020-01-31,"QLD",2,0,0,0,0,0,0,0
2020-02-01,"QLD",2,0,0,0,0,0,0,0
2020-02-02,"QLD",2,0,0,0,0,0,0,0
2020-02-03,"QLD",2,0,0,0,0,0,0,0
2020-02-04,"QLD",3,0,0,0,0,0,0,0
2020-02-05,"QLD",4,0,0,0,0,0,0,0
2020-02-06,"QLD",5,0,0,0,0,0,0,0
2020-02-07,"QLD",5,0,0,0,0,0,0,0
2020-02-08,"QLD",5,0,0,0,0,0,0,0
2020-02-09,"QLD",5,0,0,0,0,0,0,0
2020-02-10,"QLD",5,0,0,0,0,0,0,0
2020-02-11,"QLD",5,0,0,0,0,0,0,0
2020-02-12,"QLD",5,0,0,0,0,0,0,0
2020-02-13,"QLD",5,0,0,0,0,0,0,0
2020-02-14,"QLD",5,0,0,0,0,0,0,0
2020-02-15,"QLD",5,0,0,0,0,0,0,0
2020-02-16,"QLD",5,0,0,0,0,0,0,0
2020-02-17,"QLD",5,0,0,0,0,0,0,0
2020-02-18,"QLD",5,0,0,0,0,0,0,0
2020-02-19,"QLD",5,0,0,0,0,0,0,0
2020-02-20,"QLD",5,0,0,0,0,0,0,0
2020-02-21,"QLD",7,0,0,0,0,0,0,0
2020-02-22,"QLD",8,0,0,0,0,0,0,0
2020-02-23,"QLD",8,0,0,0,0,0,0,0
2020-02-24,"QLD",8,0,0,0,0,0,0,0
2020-02-25,"QLD",8,0,0,0,0,0,0,0
2020-02-26,"QLD",8,0,0,0,0,0,0,0
2020-02-27,"QLD",8,0,0,0,0,0,0,0
2020-02-28,"QLD",9,0,0,0,0,0,0,0
2020-02-29,"QLD",9,0,0,0,0,0,0,0
2020-03-01,"QLD",9,0,0,0,0,0,0,0
2020-03-02,"QLD",9,0,0,0,0,0,0,0
2020-03-03,"QLD",10,0,0,0,0,0,0,0
2020-03-04,"QLD",11,0,0,0,0,0,0,0
2020-03-05,"QLD",13,0,0,13,0,0,0,0
2020-03-06,"QLD",14,0,0,14,0,0,0,0
2020-03-07,"QLD",14,0,0,14,0,0,0,0
2020-03-08,"QLD",15,0,0,15,0,0,0,0
2020-03-09,"QLD",15,0,0,15,0,0,0,0
2020-03-10,"QLD",18,0,0,18,0,0,0,0
2020-03-11,"QLD",20,0,0,20,0,0,0,0
2020-03-12,"QLD",27,0,0,27,0,0,0,0
2020-03-13,"QLD",35,1,0,35,0,0,0,0
2020-03-14,"QLD",46,1,0,46,0,0,0,0
2020-03-15,"QLD",61,1,0,61,0,0,0,0
2020-03-16,"QLD",68,1,0,68,0,0,0,0
2020-03-17,"QLD",78,1,0,78,0,0,0,0
2020-03-18,"QLD",94,1,0,94,0,0,0,0
2020-03-19,"QLD",144,1,27064,144,0,0,0,0
2020-03-20,"QLD",184,1,28386,184,0,0,0,0
2020-03-21,"QLD",221,1,29867,221,0,0,0,0
2020-03-22,"QLD",259,1,31309,259,0,0,0,0
2020-03-23,"QLD",319,1,32394,319,0,0,0,0
2020-03-24,"QLD",397,1,32394,397,0,0,0,0
2020-03-25,"QLD",443,2,38860,443,0,0,0,0
2020-03-26,"QLD",493,2,38860,493,0,0,0,0
2020-03-27,"QLD",555,2,42965,555,0,0,0,0
2020-03-28,"QLD",625,2,42965,625,0,0,0,0
2020-03-29,"QLD",656,3,44999,656,0,0,0,0
2020-03-30,"QLD",689,3,47025,689,0,0,0,0
2020-03-31,"QLD",743,3,49382,743,0,0,0,0
2020-04-01,"QLD",781,3,50853,781,0,66,9,7
2020-04-02,"QLD",835,4,51785,835,0,60,9,8
2020-04-03,"QLD",873,4,54441,873,0,54,10,8
2020-04-04,"QLD",900,4,56000,900,0,47,11,8
2020-04-05,"QLD",907,5,57795,907,0,43,12,8
2020-04-06,"QLD",921,5,58490,921,0,43,12,10
2020-04-07,"QLD",934,5,61834,934,173,42,13,11
2020-04-08,"QLD",943,5,63552,943,345,35,11,11
2020-04-09,"QLD",953,5,66766,953,372,33,12,12
2020-04-10,"QLD",965,5,69194,965,368,36,12,12
2020-04-11,"QLD",974,5,71499,974,368,28,12,12
2020-04-12,"QLD",983,5,72313,983,368,30,12,11
2020-04-13,"QLD",987,5,73170,987,442,23,11,11
2020-04-14,"QLD",998,5,74013,998,442,24,11,11
2020-04-15,"QLD",999,5,75480,999,442,23,11,10
2020-04-16,"QLD",1001,5,77727,1001,442,21,11,9
2020-04-17,"QLD",1007,5,80227,1007,442,19,11,9
2020-04-18,"QLD",1015,6,82763,1015,738,22,9,7
2020-04-19,"QLD",1019,6,84735,1019,738,22,8,7
2020-04-20,"QLD",1019,6,85870,1019,738,20,7,7
2020-04-21,"QLD",1024,6,87470,1024,738,21,7,6
2020-04-22,"QLD",1024,6,90168,1024,738,20,7,6
2020-04-23,"QLD",1026,6,92699,1026,738,20,7,6
2020-04-24,"QLD",1026,6,94977,1026,738,18,6,6
2020-04-25,"QLD",1026,6,97057,1026,803,18,6,6
2020-04-26,"QLD",1030,6,98422,1030,926,18,6,5
2020-04-27,"QLD",1033,6,99527,1033,926,15,6,6
2020-04-28,"QLD",1033,6,101767,1033,934,14,6,6
2020-04-29,"QLD",1034,6,104950,1034,934,12,6,6
2020-04-30,"QLD",1033,6,108137,1033,943,11,6,4
2020-05-01,"QLD",1033,6,111017,1033,948,11,4,4
2020-05-02,"QLD",1034,6,113601,1034,965,10,4,4
2020-05-03,"QLD",1035,6,115598,1035,976,9,4,4
2020-05-04,"QLD",1038,6,116650,1038,980,9,4,3
2020-05-05,"QLD",1043,6,117721,1043,980,9,4,3
2020-05-06,"QLD",1043,6,120204,1043,985,9,4,3
2020-05-07,"QLD",1045,6,124898,1045,989,8,3,3
2020-05-08,"QLD",1045,6,129195,1045,994,9,3,3
2020-05-09,"QLD",1045,6,133016,1045,1019,9,3,3
2020-05-10,"QLD",1045,6,135806,1045,1019,8,3,3
2020-05-11,"QLD",1045,6,137009,1045,1021,7,3,3
2020-05-12,"QLD",1051,6,138892,1051,1027,7,3,3
2020-05-13,"QLD",1051,6,142040,1051,1028,7,3,3
2020-05-14,"QLD",1052,6,145182,1052,1029,7,3,3
2020-05-15,"QLD",1054,6,148607,1054,1030,6,3,3
2020-05-16,"QLD",1055,6,151854,1055,1036,5,3,3
2020-05-17,"QLD",1055,6,154220,1055,1037,5,2,2
2020-05-18,"QLD",1057,6,155755,1057,1038,4,1,1
2020-05-19,"QLD",1057,6,158641,1057,1039,4,1,1
2020-05-20,"QLD",1058,6,163560,1058,1040,4,1,1
2020-05-21,"QLD",1058,6,166877,1058,1040,4,1,1
2020-05-22,"QLD",1058,6,169863,1058,1040,4,1,1
2020-05-23,"QLD",1060,6,172212,1060,1041,4,1,1
2020-05-24,"QLD",1061,6,173864,1061,1041,4,1,1
2020-05-25,"QLD",1056,6,174974,1056,1038,4,1,1
2020-05-26,"QLD",1057,6,176561,1057,1039,4,1,1
2020-05-27,"QLD",1058,6,180371,1058,1044,4,1,1
2020-05-28,"QLD",1058,6,184039,1058,1045,4,1,1
2020-05-29,"QLD",1058,6,185936,1058,1045,1,1,1
2020-05-30,"QLD",1058,6,192062,1058,1045,1,1,1
2020-05-31,"QLD",1058,6,195437,1058,1046,1,1,0
2020-06-01,"QLD",1058,6,197367,1058,1046,1,1,0
2020-06-02,"QLD",1059,6,200391,1059,1046,2,1,1
2020-06-03,"QLD",1059,6,204258,1059,1046,2,1,1
2020-06-04,"QLD",1060,6,208758,1060,1046,2,1,1
2020-06-05,"QLD",1060,6,212870,1060,1046,2,1,1
2020-06-06,"QLD",1061,6,216458,1061,1046,2,1,1
2020-06-07,"QLD",1061,6,219422,1061,1046,2,1,1
2020-06-08,"QLD",1062,6,221212,1062,1050,2,1,1
2020-06-09,"QLD",1062,6,224050,1062,1051,2,1,1
2020-06-10,"QLD",1062,6,230792,1062,1051,1,1,1
2020-06-11,"QLD",1063,6,235917,1063,1051,1,1,1
2020-01-25,"SA",0,0,0,0,0,0,0,0
2020-01-26,"SA",0,0,0,0,0,0,0,0
2020-01-27,"SA",0,0,0,0,0,0,0,0
2020-01-28,"SA",0,0,0,0,0,0,0,0
2020-01-29,"SA",0,0,0,0,0,0,0,0
2020-01-30,"SA",0,0,0,0,0,0,0,0
2020-01-31,"SA",0,0,0,0,0,0,0,0
2020-02-01,"SA",0,0,0,0,0,0,0,0
2020-02-02,"SA",2,0,0,0,0,0,0,0
2020-02-03,"SA",2,0,0,0,0,0,0,0
2020-02-04,"SA",2,0,0,0,0,0,0,0
2020-02-05,"SA",2,0,0,0,0,0,0,0
2020-02-06,"SA",2,0,0,0,0,0,0,0
2020-02-07,"SA",2,0,0,0,0,0,0,0
2020-02-08,"SA",2,0,0,0,0,0,0,0
2020-02-09,"SA",2,0,0,0,0,0,0,0
2020-02-10,"SA",2,0,0,0,0,0,0,0
2020-02-11,"SA",2,0,0,0,0,0,0,0
2020-02-12,"SA",2,0,0,0,0,0,0,0
2020-02-13,"SA",2,0,0,0,0,0,0,0
2020-02-14,"SA",2,0,0,0,0,0,0,0
2020-02-15,"SA",2,0,0,0,0,0,0,0
2020-02-16,"SA",2,0,0,0,0,0,0,0
2020-02-17,"SA",2,0,0,0,0,0,0,0
2020-02-18,"SA",2,0,0,0,0,0,0,0
2020-02-19,"SA",2,0,0,0,0,0,0,0
2020-02-20,"SA",2,0,0,0,0,0,0,0
2020-02-21,"SA",3,0,0,0,0,0,0,0
2020-02-22,"SA",3,0,0,0,0,0,0,0
2020-02-23,"SA",3,0,0,0,0,0,0,0
2020-02-24,"SA",3,0,0,0,0,0,0,0
2020-02-25,"SA",3,0,0,0,0,0,0,0
2020-02-26,"SA",3,0,0,0,0,0,0,0
2020-02-27,"SA",3,0,0,0,0,0,0,0
2020-02-28,"SA",3,0,0,0,0,0,0,0
2020-02-29,"SA",3,0,0,0,0,0,0,0
2020-03-01,"SA",3,0,0,0,0,0,0,0
2020-03-02,"SA",3,0,0,0,0,0,0,0
2020-03-03,"SA",3,0,0,0,0,0,0,0
2020-03-04,"SA",5,0,0,0,0,0,0,0
2020-03-05,"SA",7,0,0,0,0,0,0,0
2020-03-06,"SA",7,0,0,7,0,0,0,0
2020-03-07,"SA",7,0,0,7,0,0,0,0
2020-03-08,"SA",7,0,0,7,0,0,0,0
2020-03-09,"SA",7,0,0,7,0,0,0,0
2020-03-10,"SA",7,0,0,7,0,0,0,0
2020-03-11,"SA",9,0,0,7,0,0,0,0
2020-03-12,"SA",12,0,0,9,0,0,0,0
2020-03-13,"SA",16,0,0,12,0,0,0,0
2020-03-14,"SA",19,0,0,16,0,0,0,0
2020-03-15,"SA",20,0,0,19,0,0,0,0
2020-03-16,"SA",29,0,0,20,0,0,0,0
2020-03-17,"SA",32,0,0,29,0,0,0,0
2020-03-18,"SA",37,0,0,32,0,0,0,0
2020-03-19,"SA",42,0,0,37,0,0,0,0
2020-03-20,"SA",50,0,0,42,0,0,0,0
2020-03-21,"SA",67,0,0,50,0,0,0,0
2020-03-22,"SA",100,0,0,67,0,0,0,0
2020-03-23,"SA",134,0,0,100,0,0,0,0
2020-03-24,"SA",170,0,0,134,0,0,0,0
2020-03-25,"SA",197,0,19269,170,0,0,0,0
2020-03-26,"SA",235,0,20676,197,0,0,0,0
2020-03-27,"SA",257,0,23500,235,0,0,0,0
2020-03-28,"SA",287,0,24737,257,0,0,0,0
2020-03-29,"SA",299,0,25682,287,0,0,0,0
2020-03-30,"SA",305,0,26202,299,0,0,0,0
2020-03-31,"SA",337,0,27344,305,0,0,0,0
2020-04-01,"SA",367,0,28828,337,0,23,8,0
2020-04-02,"SA",385,0,29876,367,44,19,7,0
2020-04-03,"SA",396,0,30922,385,46,18,8,0
2020-04-04,"SA",407,0,32037,407,46,19,8,0
2020-04-05,"SA",409,0,32863,409,46,20,10,0
2020-04-06,"SA",411,0,33303,411,46,20,10,0
2020-04-07,"SA",415,1,33831,415,89,16,10,0
2020-04-08,"SA",420,2,34593,420,120,16,8,0
2020-04-09,"SA",421,3,35286,421,165,15,6,0
2020-04-10,"SA",428,3,35716,428,179,15,6,0
2020-04-11,"SA",429,3,36159,429,225,15,7,0
2020-04-12,"SA",429,4,36449,429,239,14,6,0
2020-04-13,"SA",431,4,36704,431,240,13,6,0
2020-04-14,"SA",433,4,37039,433,253,11,4,0
2020-04-15,"SA",433,4,37545,433,279,10,4,0
2020-04-16,"SA",434,4,38389,434,308,10,4,0
2020-04-17,"SA",435,4,39318,435,331,7,1,0
2020-04-18,"SA",435,4,41261,435,346,7,1,0
2020-04-19,"SA",435,4,43310,435,354,7,1,0
2020-04-20,"SA",435,4,44278,435,363,6,1,0
2020-04-21,"SA",437,4,45495,437,376,5,1,0
2020-04-22,"SA",438,4,47238,438,388,4,1,0
2020-04-23,"SA",438,4,48727,438,394,4,2,0
2020-04-24,"SA",438,4,50396,438,401,4,2,0
2020-04-25,"SA",438,4,51536,438,402,4,2,0
2020-04-26,"SA",438,4,52671,438,411,4,2,0
2020-04-27,"SA",438,4,53283,438,414,4,2,0
2020-04-28,"SA",438,4,54082,438,420,4,2,0
2020-04-29,"SA",438,4,55417,438,420,4,2,0
2020-04-30,"SA",438,4,57423,438,420,3,1,0
2020-05-01,"SA",438,4,58670,438,422,3,1,0
2020-05-02,"SA",438,4,59835,438,427,3,0,0
2020-05-03,"SA",438,4,60769,438,427,3,0,0
2020-05-04,"SA",438,4,61336,438,427,3,0,0
2020-05-05,"SA",438,4,62139,438,428,2,0,0
2020-05-06,"SA",438,4,63651,438,430,2,0,0
2020-05-07,"SA",439,4,65167,439,433,2,0,0
2020-05-08,"SA",439,4,66677,439,433,2,0,0
2020-05-09,"SA",439,4,68012,439,433,1,0,0
2020-05-10,"SA",439,4,69178,439,434,1,0,0
2020-05-11,"SA",439,4,70147,439,434,1,0,0
2020-05-12,"SA",439,4,71036,439,434,1,0,0
2020-05-13,"SA",439,4,72725,439,434,1,0,0
2020-05-14,"SA",439,4,74293,439,434,1,0,0
2020-05-15,"SA",439,4,75958,439,435,1,0,0
2020-05-16,"SA",439,4,77728,439,435,1,0,0
2020-05-17,"SA",439,4,78833,439,435,1,0,0
2020-05-18,"SA",439,4,79616,439,435,1,0,0
2020-05-19,"SA",439,4,80713,439,435,1,0,0
2020-05-20,"SA",439,4,82401,439,435,1,0,0
2020-05-21,"SA",439,4,84389,439,435,1,0,0
2020-05-22,"SA",439,4,86089,439,435,1,0,0
2020-05-23,"SA",439,4,87451,439,435,0,0,0
2020-05-24,"SA",439,4,88446,439,435,0,0,0
2020-05-25,"SA",439,4,89245,439,435,0,0,0
2020-05-26,"SA",440,4,90384,440,435,0,0,0
2020-05-27,"SA",440,4,92903,440,435,0,0,0
2020-05-28,"SA",440,4,93812,440,435,0,0,0
2020-05-29,"SA",440,4,95888,440,435,0,0,0
2020-05-30,"SA",440,4,98040,440,435,0,0,0
2020-05-31,"SA",440,4,99465,440,435,0,0,0
2020-06-01,"SA",440,4,100370,440,435,0,0,0
2020-06-02,"SA",440,4,102388,440,435,0,0,0
2020-06-03,"SA",440,4,104548,440,435,0,0,0
2020-06-04,"SA",440,4,106873,440,436,0,0,0
2020-06-05,"SA",440,4,111625,440,436,0,0,0
2020-06-06,"SA",440,4,113503,440,436,0,0,0
2020-06-07,"SA",440,4,114749,440,436,0,0,0
2020-06-08,"SA",440,4,115802,440,436,0,0,0
2020-06-09,"SA",440,4,116561,440,436,0,0,0
2020-06-10,"SA",440,4,117847,440,436,0,0,0
2020-06-11,"SA",440,4,119981,440,436,0,0,0
2020-01-25,"TAS",0,0,0,0,0,0,0,0
2020-01-26,"TAS",0,0,0,0,0,0,0,0
2020-01-27,"TAS",0,0,0,0,0,0,0,0
2020-01-28,"TAS",0,0,0,0,0,0,0,0
2020-01-29,"TAS",0,0,0,0,0,0,0,0
2020-01-30,"TAS",0,0,0,0,0,0,0,0
2020-01-31,"TAS",0,0,0,0,0,0,0,0
2020-02-01,"TAS",0,0,0,0,0,0,0,0
2020-02-02,"TAS",0,0,0,0,0,0,0,0
2020-02-03,"TAS",0,0,0,0,0,0,0,0
2020-02-04,"TAS",0,0,0,0,0,0,0,0
2020-02-05,"TAS",0,0,0,0,0,0,0,0
2020-02-06,"TAS",0,0,0,0,0,0,0,0
2020-02-07,"TAS",0,0,0,0,0,0,0,0
2020-02-08,"TAS",0,0,0,0,0,0,0,0
2020-02-09,"TAS",0,0,0,0,0,0,0,0
2020-02-10,"TAS",0,0,0,0,0,0,0,0
2020-02-11,"TAS",0,0,0,0,0,0,0,0
2020-02-12,"TAS",0,0,0,0,0,0,0,0
2020-02-13,"TAS",0,0,0,0,0,0,0,0
2020-02-14,"TAS",0,0,0,0,0,0,0,0
2020-02-15,"TAS",0,0,0,0,0,0,0,0
2020-02-16,"TAS",0,0,0,0,0,0,0,0
2020-02-17,"TAS",0,0,0,0,0,0,0,0
2020-02-18,"TAS",0,0,0,0,0,0,0,0
2020-02-19,"TAS",0,0,0,0,0,0,0,0
2020-02-20,"TAS",0,0,0,0,0,0,0,0
2020-02-21,"TAS",0,0,0,0,0,0,0,0
2020-02-22,"TAS",0,0,0,0,0,0,0,0
2020-02-23,"TAS",0,0,0,0,0,0,0,0
2020-02-24,"TAS",0,0,0,0,0,0,0,0
2020-02-25,"TAS",0,0,0,0,0,0,0,0
2020-02-26,"TAS",0,0,0,0,0,0,0,0
2020-02-27,"TAS",0,0,0,0,0,0,0,0
2020-02-28,"TAS",0,0,0,0,0,0,0,0
2020-02-29,"TAS",0,0,0,0,0,0,0,0
2020-03-01,"TAS",0,0,0,0,0,0,0,0
2020-03-02,"TAS",0,0,0,0,0,0,0,0
2020-03-03,"TAS",1,0,0,0,0,0,0,0
2020-03-04,"TAS",1,0,0,0,0,0,0,0
2020-03-05,"TAS",1,0,0,1,0,0,0,0
2020-03-06,"TAS",1,0,0,1,0,0,0,0
2020-03-07,"TAS",2,0,0,2,0,0,0,0
2020-03-08,"TAS",2,0,0,2,0,0,0,0
2020-03-09,"TAS",2,0,0,2,0,0,0,0
2020-03-10,"TAS",2,0,0,2,0,0,0,0
2020-03-11,"TAS",3,0,0,3,0,0,0,0
2020-03-12,"TAS",3,0,0,3,0,0,0,0
2020-03-13,"TAS",4,0,0,4,0,0,0,0
2020-03-14,"TAS",5,0,0,5,0,0,0,0
2020-03-15,"TAS",6,0,0,6,0,0,0,0
2020-03-16,"TAS",7,0,0,7,0,0,0,0
2020-03-17,"TAS",7,0,0,7,0,0,0,0
2020-03-18,"TAS",10,0,0,10,0,0,0,0
2020-03-19,"TAS",10,0,0,10,0,0,0,0
2020-03-20,"TAS",10,0,807,10,0,0,0,0
2020-03-21,"TAS",16,0,807,16,0,0,0,0
2020-03-22,"TAS",21,0,0,21,0,0,0,0
2020-03-23,"TAS",27,0,0,27,0,0,0,0
2020-03-24,"TAS",35,0,1139,35,0,0,0,0
2020-03-25,"TAS",41,0,1272,41,0,0,0,0
2020-03-26,"TAS",46,0,1272,46,0,0,0,0
2020-03-27,"TAS",58,0,1779,58,0,0,0,0
2020-03-28,"TAS",62,0,1779,62,0,0,0,0
2020-03-29,"TAS",66,0,1779,66,0,0,0,0
2020-03-30,"TAS",69,1,0,69,0,0,0,0
2020-03-31,"TAS",69,2,0,69,0,0,0,0
2020-04-01,"TAS",71,2,2218,72,0,9,0,0
2020-04-02,"TAS",74,2,2218,72,0,10,1,0
2020-04-03,"TAS",80,2,0,0,0,10,1,0
2020-04-04,"TAS",82,2,0,0,0,11,2,0
2020-04-05,"TAS",86,2,2845,82,0,11,2,0
2020-04-06,"TAS",89,2,2972,89,0,11,2,0
2020-04-07,"TAS",98,3,3192,98,30,13,2,0
2020-04-08,"TAS",107,3,3295,98,38,13,2,0
2020-04-09,"TAS",111,3,3397,111,46,15,2,0
2020-04-10,"TAS",122,4,3591,122,48,8,2,0
2020-04-11,"TAS",133,4,3591,133,50,8,2,0
2020-04-12,"TAS",144,5,3770,144,50,10,2,0
2020-04-13,"TAS",150,5,4375,150,54,11,2,0
2020-04-14,"TAS",165,6,4502,165,54,12,2,0
2020-04-15,"TAS",169,6,4646,169,54,13,2,0
2020-04-16,"TAS",180,6,4810,180,62,15,2,0
2020-04-17,"TAS",184,7,5098,184,64,16,2,0
2020-04-18,"TAS",188,8,5376,188,65,17,2,0
2020-04-19,"TAS",197,8,6320,197,68,18,2,0
2020-04-20,"TAS",202,8,6697,200,68,19,2,0
2020-04-21,"TAS",203,8,6701,201,74,17,1,0
2020-04-22,"TAS",207,8,7248,205,80,18,1,0
2020-04-23,"TAS",207,8,7607,205,89,16,1,0
2020-04-24,"TAS",209,9,7883,207,106,16,0,0
2020-04-25,"TAS",210,10,8282,208,117,14,0,0
2020-04-26,"TAS",214,11,8719,212,123,13,1,0
2020-04-27,"TAS",216,11,9384,214,132,14,1,0
2020-04-28,"TAS",220,11,10145,218,135,14,0,0
2020-04-29,"TAS",221,11,10898,219,137,14,0,0
2020-04-30,"TAS",223,13,11909,221,144,14,0,0
2020-05-01,"TAS",223,13,12974,221,153,12,0,0
2020-05-02,"TAS",223,13,13829,221,157,13,0,0
2020-05-03,"TAS",223,13,14782,221,158,11,0,0
2020-05-04,"TAS",223,13,15356,221,164,8,1,1
2020-05-05,"TAS",225,13,16017,223,165,8,1,1
2020-05-06,"TAS",225,13,16476,223,168,8,1,1
2020-05-07,"TAS",227,13,17234,225,170,8,1,1
2020-05-08,"TAS",227,13,17807,225,175,8,1,1
2020-05-09,"TAS",227,13,18348,225,179,8,1,1
2020-05-10,"TAS",227,13,18545,225,185,8,1,1
2020-05-11,"TAS",227,13,19351,225,183,8,0,0
2020-05-12,"TAS",227,13,19539,225,185,8,0,0
2020-05-13,"TAS",227,13,20088,225,187,8,0,0
2020-05-14,"TAS",227,13,20657,225,187,8,0,0
2020-05-15,"TAS",228,13,21089,226,190,6,0,0
2020-05-16,"TAS",228,13,21604,226,195,7,0,0
2020-05-17,"TAS",228,13,21886,226,195,8,0,0
2020-05-18,"TAS",228,13,22246,226,197,6,0,0
2020-05-19,"TAS",228,13,22597,226,198,6,0,0
2020-05-20,"TAS",228,13,23027,226,198,6,0,0
2020-05-21,"TAS",228,13,23448,226,199,5,0,0
2020-05-22,"TAS",228,13,23636,226,201,4,0,0
2020-05-23,"TAS",228,13,23999,226,201,4,0,0
2020-05-24,"TAS",228,13,24191,226,202,4,0,0
2020-05-25,"TAS",228,13,24660,226,203,4,0,0
2020-05-26,"TAS",228,13,25248,226,205,4,0,0
2020-05-27,"TAS",228,13,25595,226,205,4,0,0
2020-05-28,"TAS",228,13,26592,226,205,4,0,0
2020-05-29,"TAS",228,13,27498,226,205,2,0,0
2020-05-30,"TAS",228,13,28158,226,207,2,0,0
2020-05-31,"TAS",228,13,28647,226,208,2,0,0
2020-06-01,"TAS",228,13,29049,226,209,2,0,0
2020-06-02,"TAS",228,13,29610,226,209,2,0,0
2020-06-03,"TAS",228,13,30316,226,210,2,0,0
2020-06-04,"TAS",228,13,31063,226,210,2,0,0
2020-06-05,"TAS",228,13,31813,226,210,2,0,0
2020-06-06,"TAS",228,13,32283,226,210,2,0,0
2020-06-07,"TAS",228,13,32724,226,211,1,0,0
2020-06-08,"TAS",228,13,33023,226,211,1,0,0
2020-06-09,"TAS",228,13,33398,226,211,1,0,0
2020-06-10,"TAS",228,13,34054,226,211,1,0,0
2020-06-11,"TAS",228,13,34674,226,211,1,0,0
2020-01-25,"VIC",1,0,0,0,0,0,0,0
2020-01-26,"VIC",1,0,0,0,0,0,0,0
2020-01-27,"VIC",1,0,0,0,0,0,0,0
2020-01-28,"VIC",1,0,0,0,0,0,0,0
2020-01-29,"VIC",3,0,0,0,0,0,0,0
2020-01-30,"VIC",3,0,0,0,0,0,0,0
2020-01-31,"VIC",3,0,0,0,0,0,0,0
2020-02-01,"VIC",4,0,0,0,0,0,0,0
2020-02-02,"VIC",4,0,0,0,0,0,0,0
2020-02-03,"VIC",4,0,0,0,0,0,0,0
2020-02-04,"VIC",4,0,0,0,0,0,0,0
2020-02-05,"VIC",4,0,0,0,0,0,0,0
2020-02-06,"VIC",4,0,0,0,0,0,0,0
2020-02-07,"VIC",4,0,0,0,0,0,0,0
2020-02-08,"VIC",4,0,0,0,0,0,0,0
2020-02-09,"VIC",4,0,0,0,0,0,0,0
2020-02-10,"VIC",4,0,0,0,0,0,0,0
2020-02-11,"VIC",4,0,0,0,0,0,0,0
2020-02-12,"VIC",4,0,0,0,0,0,0,0
2020-02-13,"VIC",4,0,0,0,0,0,0,0
2020-02-14,"VIC",4,0,0,0,0,0,0,0
2020-02-15,"VIC",4,0,0,0,0,0,0,0
2020-02-16,"VIC",4,0,0,0,0,0,0,0
2020-02-17,"VIC",4,0,0,0,0,0,0,0
2020-02-18,"VIC",4,0,0,0,0,0,0,0
2020-02-19,"VIC",4,0,0,0,0,0,0,0
2020-02-20,"VIC",4,0,0,0,0,0,0,0
2020-02-21,"VIC",4,0,0,0,0,0,0,0
2020-02-22,"VIC",4,0,0,0,0,0,0,0
2020-02-23,"VIC",4,0,0,0,0,0,0,0
2020-02-24,"VIC",4,0,0,0,0,0,0,0
2020-02-25,"VIC",4,0,0,0,0,0,0,0
2020-02-26,"VIC",4,0,0,0,0,0,0,0
2020-02-27,"VIC",7,0,0,0,0,0,0,0
2020-02-28,"VIC",7,0,0,0,0,0,0,0
2020-02-29,"VIC",7,0,0,0,0,0,0,0
2020-03-01,"VIC",9,0,0,0,0,0,0,0
2020-03-02,"VIC",9,0,0,0,0,0,0,0
2020-03-03,"VIC",9,0,0,0,0,0,0,0
2020-03-04,"VIC",10,0,0,0,0,0,0,0
2020-03-05,"VIC",10,0,0,10,0,0,0,0
2020-03-06,"VIC",10,0,0,10,0,0,0,0
2020-03-07,"VIC",11,0,0,11,0,0,0,0
2020-03-08,"VIC",12,0,0,12,0,0,0,0
2020-03-09,"VIC",15,0,0,15,0,0,0,0
2020-03-10,"VIC",18,0,0,18,0,0,0,0
2020-03-11,"VIC",21,0,0,21,0,0,0,0
2020-03-12,"VIC",27,0,0,27,0,0,0,0
2020-03-13,"VIC",36,0,0,36,0,0,0,0
2020-03-14,"VIC",49,0,0,49,0,0,0,0
2020-03-15,"VIC",57,0,0,57,0,0,0,0
2020-03-16,"VIC",71,0,11700,71,0,0,0,0
2020-03-17,"VIC",94,0,14200,94,0,0,0,0
2020-03-18,"VIC",121,0,15200,121,0,0,0,0
2020-03-19,"VIC",150,0,17180,150,28,0,0,0
2020-03-20,"VIC",178,0,19337,178,39,0,0,0
2020-03-21,"VIC",229,0,20500,229,51,0,0,0
2020-03-22,"VIC",296,0,22900,296,70,0,0,0
2020-03-23,"VIC",355,0,23700,355,97,0,0,0
2020-03-24,"VIC",411,0,25000,411,113,0,0,0
2020-03-25,"VIC",466,0,25500,466,128,0,0,0
2020-03-26,"VIC",520,3,26900,520,149,0,0,0
2020-03-27,"VIC",574,3,31000,574,172,0,0,0
2020-03-28,"VIC",685,3,35000,685,191,0,0,0
2020-03-29,"VIC",769,4,39000,769,193,0,0,0
2020-03-30,"VIC",821,4,42000,821,248,0,0,0
2020-03-31,"VIC",917,4,45000,917,291,32,6,0
2020-04-01,"VIC",968,5,47000,968,343,36,6,0
2020-04-02,"VIC",1036,6,49000,1036,422,37,7,0
2020-04-03,"VIC",1085,7,51000,1085,476,37,7,0
2020-04-04,"VIC",1115,8,54000,1115,527,42,10,0
2020-04-05,"VIC",1135,8,56000,1135,573,47,11,0
2020-04-06,"VIC",1158,10,57000,1158,620,45,11,0
2020-04-07,"VIC",1191,11,58000,1191,686,47,13,0
2020-04-08,"VIC",1212,12,60000,1212,736,45,12,0
2020-04-09,"VIC",1228,12,62000,1228,806,50,13,0
2020-04-10,"VIC",1241,13,62000,1241,926,43,13,0
2020-04-11,"VIC",1265,14,67000,1265,986,44,15,0
2020-04-12,"VIC",1268,14,67000,1268,1015,44,14,0
2020-04-13,"VIC",1281,14,70000,1281,1075,40,14,12
2020-04-14,"VIC",1291,14,71000,1291,1118,40,15,12
2020-04-15,"VIC",1299,14,72000,1299,1137,39,18,12
2020-04-16,"VIC",1301,14,73000,1301,1153,36,17,9
2020-04-17,"VIC",1302,14,75000,1302,1159,32,13,9
2020-04-18,"VIC",1319,14,79000,1319,1172,30,12,8
2020-04-19,"VIC",1328,15,82000,1328,1188,29,10,8
2020-04-20,"VIC",1329,15,86000,1329,1196,28,11,9
2020-04-21,"VIC",1336,15,88000,1336,1202,28,12,9
2020-04-22,"VIC",1336,15,90000,1336,1243,30,13,8
2020-04-23,"VIC",1337,16,93000,1337,1251,27,10,7
2020-04-24,"VIC",1343,16,96000,1343,1254,27,11,7
2020-04-25,"VIC",1346,16,98000,1346,1262,24,11,7
2020-04-26,"VIC",1349,17,101000,1349,1265,21,10,5
2020-04-27,"VIC",1349,17,104000,1349,1280,23,11,6
2020-04-28,"VIC",1351,17,109049,1351,1279,23,11,6
2020-04-29,"VIC",1354,18,111092,1354,1287,19,9,6
2020-04-30,"VIC",1361,18,115118,1361,1291,18,9,5
2020-05-01,"VIC",1364,18,123707,1364,1293,16,7,5
2020-05-02,"VIC",1371,18,129228,1371,1300,12,7,5
2020-05-03,"VIC",1384,18,138433,1384,1300,12,7,5
2020-05-04,"VIC",1406,18,146661,1406,1310,11,6,6
2020-05-05,"VIC",1423,18,151977,1423,1311,12,6,5
2020-05-06,"VIC",1440,18,162077,1440,1321,8,6,5
2020-05-07,"VIC",1455,18,176507,1455,1322,8,6,5
2020-05-08,"VIC",1469,18,193265,1469,1332,8,6,4
2020-05-09,"VIC",1479,18,209905,1479,1336,7,6,4
2020-05-10,"VIC",1489,18,226889,1489,1346,7,5,4
2020-05-11,"VIC",1496,18,245326,1496,1360,7,5,4
2020-05-12,"VIC",1509,18,258451,1509,1376,8,4,4
2020-05-13,"VIC",1514,18,273255,1514,1385,9,6,4
2020-05-14,"VIC",1523,18,289441,1523,1385,9,6,4
2020-05-15,"VIC",1543,18,309459,1543,1407,9,7,5
2020-05-16,"VIC",1554,18,323970,1554,1417,11,7,6
2020-05-17,"VIC",1561,18,338219,1561,1417,11,7,6
2020-05-18,"VIC",1567,18,345290,1567,1439,9,5,4
2020-05-19,"VIC",1573,18,358120,1573,1454,11,5,4
2020-05-20,"VIC",1580,18,367272,1580,1465,10,5,4
2020-05-21,"VIC",1581,18,378673,1581,1473,10,5,4
2020-05-22,"VIC",1593,18,393103,1593,1479,10,5,4
2020-05-23,"VIC",1602,19,398826,1602,1484,10,3,3
2020-05-24,"VIC",1603,19,420246,1603,1498,9,3,3
2020-05-25,"VIC",1605,19,431878,1605,1520,8,3,3
2020-05-26,"VIC",1610,19,437406,1610,1533,8,3,3
2020-05-27,"VIC",1618,19,470832,1618,1533,8,4,1
2020-05-28,"VIC",1628,19,480693,1628,1546,8,3,1
2020-05-29,"VIC",1634,19,493085,1634,1549,7,2,1
2020-05-30,"VIC",1645,19,501565,1645,1564,7,2,1
2020-05-31,"VIC",1649,19,509691,1649,1557,6,2,1
2020-06-01,"VIC",1653,19,515541,1653,1560,6,1,1
2020-06-02,"VIC",1663,19,521359,1663,1563,9,2,1
2020-06-03,"VIC",1670,19,526507,1670,1569,9,2,1
2020-06-04,"VIC",1678,19,536190,1678,1584,7,2,1
2020-06-05,"VIC",1681,19,542958,1681,1586,7,1,1
2020-06-06,"VIC",1681,19,530816,1681,1589,8,3,1
2020-06-07,"VIC",1685,19,539956,1685,1593,6,2,1
2020-06-08,"VIC",1687,19,543708,1687,1595,7,2,1
2020-06-09,"VIC",1687,19,547899,1687,1602,7,1,1
2020-06-10,"VIC",1691,19,557844,1691,1616,9,2,1
2020-06-11,"VIC",1699,19,564192,1699,1621,6,1,1
2020-01-25,"WA",0,0,0,0,0,0,0,0
2020-01-26,"WA",0,0,0,0,0,0,0,0
2020-01-27,"WA",0,0,0,0,0,0,0,0
2020-01-28,"WA",0,0,0,0,0,0,0,0
2020-01-29,"WA",0,0,0,0,0,0,0,0
2020-01-30,"WA",0,0,0,0,0,0,0,0
2020-01-31,"WA",0,0,0,0,0,0,0,0
2020-02-01,"WA",0,0,0,0,0,0,0,0
2020-02-02,"WA",0,0,0,0,0,0,0,0
2020-02-03,"WA",0,0,0,0,0,0,0,0
2020-02-04,"WA",0,0,0,0,0,0,0,0
2020-02-05,"WA",0,0,0,0,0,0,0,0
2020-02-06,"WA",0,0,0,0,0,0,0,0
2020-02-07,"WA",0,0,0,0,0,0,0,0
2020-02-08,"WA",0,0,0,0,0,0,0,0
2020-02-09,"WA",0,0,0,0,0,0,0,0
2020-02-10,"WA",0,0,0,0,0,0,0,0
2020-02-11,"WA",0,0,0,0,0,0,0,0
2020-02-12,"WA",0,0,0,0,0,0,0,0
2020-02-13,"WA",0,0,0,0,0,0,0,0
2020-02-14,"WA",0,0,0,0,0,0,0,0
2020-02-15,"WA",0,0,0,0,0,0,0,0
2020-02-16,"WA",0,0,0,0,0,0,0,0
2020-02-17,"WA",0,0,0,0,0,0,0,0
2020-02-18,"WA",0,0,0,0,0,0,0,0
2020-02-19,"WA",0,0,0,0,0,0,0,0
2020-02-20,"WA",0,0,0,0,0,0,0,0
2020-02-21,"WA",1,0,0,0,0,0,0,0
2020-02-22,"WA",1,0,0,0,0,0,0,0
2020-02-23,"WA",1,0,0,0,0,0,0,0
2020-02-24,"WA",1,0,0,0,0,0,0,0
2020-02-25,"WA",1,0,0,0,0,0,0,0
2020-02-26,"WA",1,0,0,0,0,0,0,0
2020-02-27,"WA",1,0,0,0,0,0,0,0
2020-02-28,"WA",2,0,0,0,0,0,0,0
2020-02-29,"WA",2,0,0,0,0,0,0,0
2020-03-01,"WA",2,1,0,0,0,0,0,0
2020-03-02,"WA",2,1,0,0,0,0,0,0
2020-03-03,"WA",2,1,0,0,0,0,0,0
2020-03-04,"WA",2,1,0,0,0,0,0,0
2020-03-05,"WA",3,1,0,0,0,0,0,0
2020-03-06,"WA",3,1,0,0,0,0,0,0
2020-03-07,"WA",3,1,0,0,0,0,0,0
2020-03-08,"WA",4,1,0,0,0,0,0,0
2020-03-09,"WA",6,1,0,0,0,0,0,0
2020-03-10,"WA",6,1,0,0,0,0,0,0
2020-03-11,"WA",9,1,0,0,0,0,0,0
2020-03-12,"WA",9,1,0,0,0,0,0,0
2020-03-13,"WA",14,1,0,0,0,0,0,0
2020-03-14,"WA",17,1,0,0,0,0,0,0
2020-03-15,"WA",18,1,0,0,0,0,0,0
2020-03-16,"WA",28,1,0,0,0,0,0,0
2020-03-17,"WA",31,1,0,0,0,0,0,0
2020-03-18,"WA",35,1,0,0,0,0,0,0
2020-03-19,"WA",52,1,0,0,0,0,0,0
2020-03-20,"WA",64,1,0,0,0,0,0,0
2020-03-21,"WA",90,1,0,0,0,0,0,0
2020-03-22,"WA",120,1,0,0,0,0,0,0
2020-03-23,"WA",140,1,0,0,0,0,0,0
2020-03-24,"WA",175,1,0,0,0,0,0,0
2020-03-25,"WA",205,1,0,0,0,0,0,0
2020-03-26,"WA",231,2,11519,231,0,0,0,0
2020-03-27,"WA",255,2,12091,255,28,0,0,0
2020-03-28,"WA",278,2,12971,278,28,0,0,0
2020-03-29,"WA",311,2,13648,311,28,0,0,0
2020-03-30,"WA",355,2,14188,355,41,0,0,0
2020-03-31,"WA",364,2,14704,364,48,0,0,0
2020-04-01,"WA",392,2,15522,392,64,24,8,0
2020-04-02,"WA",400,2,16190,400,92,29,9,0
2020-04-03,"WA",422,3,16866,422,92,29,9,0
2020-04-04,"WA",436,3,17251,436,92,61,17,0
2020-04-05,"WA",453,3,18197,453,148,58,18,0
2020-04-06,"WA",460,4,18726,460,162,58,18,0
2020-04-07,"WA",470,6,19201,470,170,54,15,0
2020-04-08,"WA",481,6,20096,481,170,34,15,0
2020-04-09,"WA",495,6,20712,495,187,34,15,0
2020-04-10,"WA",506,6,21144,506,203,23,10,0
2020-04-11,"WA",514,6,22105,514,216,39,12,0
2020-04-12,"WA",517,6,23118,517,239,38,15,0
2020-04-13,"WA",523,6,23935,523,251,38,14,0
2020-04-14,"WA",527,6,24397,527,296,38,14,0
2020-04-15,"WA",532,6,24613,532,338,33,8,0
2020-04-16,"WA",535,6,25623,535,340,33,6,0
2020-04-17,"WA",541,7,26225,541,377,34,6,0
2020-04-18,"WA",544,7,27175,544,388,33,6,0
2020-04-19,"WA",545,7,28888,545,426,28,6,0
2020-04-20,"WA",545,7,29469,545,435,27,6,0
2020-04-21,"WA",546,7,30112,546,443,26,5,0
2020-04-22,"WA",546,7,31140,546,451,25,5,0
2020-04-23,"WA",546,7,32150,546,458,24,5,0
2020-04-24,"WA",548,8,33138,548,464,20,4,0
2020-04-25,"WA",549,8,34199,549,478,24,4,0
2020-04-26,"WA",549,8,34805,549,486,16,4,0
2020-04-27,"WA",549,8,35391,549,486,16,4,0
2020-04-28,"WA",550,8,35705,550,495,16,4,0
2020-04-29,"WA",551,8,36531,551,500,14,4,0
2020-04-30,"WA",551,8,37802,551,507,13,3,0
2020-05-01,"WA",551,8,41792,551,511,11,3,0
2020-05-02,"WA",551,8,45232,551,520,8,3,0
2020-05-03,"WA",551,9,46167,551,523,8,3,0
2020-05-04,"WA",551,9,47029,551,527,7,3,0
2020-05-05,"WA",551,9,48153,551,528,7,3,0
2020-05-06,"WA",551,9,49892,551,528,7,3,0
2020-05-07,"WA",551,9,51352,551,531,6,3,0
2020-05-08,"WA",552,9,52825,552,534,4,1,0
2020-05-09,"WA",552,9,54563,552,536,4,1,0
2020-05-10,"WA",552,9,55758,552,536,4,1,0
2020-05-11,"WA",552,9,56098,552,536,4,1,0
2020-05-12,"WA",553,9,56226,553,537,2,1,0
2020-05-13,"WA",553,9,58634,553,538,1,1,0
2020-05-14,"WA",554,9,61267,554,538,1,1,0
2020-05-15,"WA",554,9,63248,554,538,1,1,0
2020-05-16,"WA",556,9,64646,556,541,1,0,0
2020-05-17,"WA",557,9,65698,557,543,1,0,0
2020-05-18,"WA",557,9,66539,557,545,1,0,0
2020-05-19,"WA",557,9,67649,557,545,1,0,0
2020-05-20,"WA",557,9,69644,557,545,1,0,0
2020-05-21,"WA",557,9,71642,557,545,0,0,0
2020-05-22,"WA",557,9,73306,557,545,0,0,0
2020-05-23,"WA",560,9,75484,560,549,0,0,0
2020-05-24,"WA",560,9,76644,560,549,0,0,0
2020-05-25,"WA",564,9,77501,564,549,0,0,0
2020-05-26,"WA",570,9,78308,570,549,0,0,0
2020-05-27,"WA",570,9,80166,570,549,0,0,0
2020-05-28,"WA",577,9,83318,577,550,0,0,0
2020-05-29,"WA",585,9,85738,585,551,0,0,0
2020-05-30,"WA",586,9,89202,586,551,0,0,0
2020-05-31,"WA",589,9,91530,589,552,0,0,0
2020-06-01,"WA",591,9,94001,591,553,1,0,0
2020-06-02,"WA",591,9,94948,591,553,2,0,0
2020-06-03,"WA",592,9,97912,592,557,1,0,0
2020-06-04,"WA",592,9,102091,592,557,1,0,0
2020-06-05,"WA",596,9,107811,596,557,0,0,0
2020-06-06,"WA",599,9,112110,599,559,0,0,0
2020-06-07,"WA",599,9,115507,599,559,0,0,0
2020-06-08,"WA",599,9,118497,599,559,0,0,0
2020-06-09,"WA",599,9,122387,599,560,0,0,0
2020-06-10,"WA",601,9,126700,601,564,0,0,0
2020-06-11,"WA",601,9,133277,601,571,0,0,0
